"id","study","author","year","adapted","type","outcome","adjusted","es","v","se","lowerCI","upperCI"
1,"Baker, 2019","Baker","2019","No","Interaction-Black","GPA","No",0.2521,0.0036,0.0601,0.1342,0.37
1,"Baker, 2019","Baker","2019","No","Interaction-Hispanic","GPA","No",-0.0134,0.0036,0.0599,-0.1308,0.104
1,"Baker, 2019","Baker","2019","No","Interaction-Asian","GPA","No",0.134,0.0036,0.06,0.0165,0.2515
1,"Baker, 2019","Baker","2019","No","Interaction-Female","GPA","No",-0.0874,0.0036,0.0599,-0.2048,0.0301
1,"Baker, 2019","Baker","2019","No","Interaction-White","GPA","No",0.0024,0.0036,0.0599,-0.115,0.1198
1,"Baker, 2019","Baker","2019","No","Interaction-White","GPA","No",0.0024,0.0036,0.0599,-0.115,0.1198
1,"Baker, 2019","Baker","2019","No","Main","GPA","No",-0.0158,0.0036,0.0602,-0.1337,0.1022
1,"Baker, 2019","Baker","2019","No","Main","Amount of time until withdraw from class","No",0.0843,0.0036,0.0602,-0.0337,0.2023
2,"Bancroft, 2017","Bancroft","2017",NA,NA,NA,NA,NA,NA,NA,NA,NA
3,"Bayly, 2017","Bayly","2017","Yes","Minority subgroup-URM or First generation","GPA","No",-0.1783,0.0104,0.1017,-0.3777,0.0212
3,"Bayly, 2017","Bayly","2017","No","Minority subgroup-URM or First generation","GPA","No",-0.0896,0.0101,0.1007,-0.2869,0.1078
3,"Bayly, 2017","Bayly","2017","No","Minority subgroup-URM","GPA","Yes",-0.0559,0.0137,0.117,-0.2852,0.1735
3,"Bayly, 2017","Bayly","2017","No","Minority subgroup-First generation","GPA","Yes",-0.0223,0.0181,0.1345,-0.2859,0.2413
4,"Binning, under review","Binning","under review","No","Minority subgroup-URM","GPA","Yes",0.3629,0.0249,0.1579,0.0533,0.6725
5,"Borman, 2012","Borman","2012","No","Minority subgroup-Black","MCA reading score","Yes",0.023,0.0024,0.0489,-0.0729,0.1188
5,"Borman, 2012","Borman","2012","No","Minority subgroup-Black","MCA math score","Yes",0.0729,0.0029,0.0539,-0.0328,0.1785
5,"Borman, 2012","Borman","2012","No","Minority subgroup-Hispanic","MCA reading score","Yes",0.0548,0.007,0.0837,-0.1092,0.2187
5,"Borman, 2012","Borman","2012","No","Minority subgroup-Hispanic","MCA math score","Yes",0.0528,0.0054,0.0737,-0.0917,0.1972
5,"Borman, 2012","Borman","2012","No","Minority subgroup-Female","MCA reading score","Yes",0.019,0.0015,0.039,-0.0574,0.0953
5,"Borman, 2012","Borman","2012","No","Minority subgroup-Female","MCA math score","Yes",0.1039,0.0012,0.035,0.0354,0.1724
5,"Borman, 2012","Borman","2012","No","Majority subgroup-Asian","MCA reading score","Yes",-0.0659,0.0025,0.0499,-0.1636,0.0319
5,"Borman, 2012","Borman","2012","No","Majority subgroup-Asian","MCA math score","Yes",-0.0748,0.0021,0.0459,-0.1648,0.0151
5,"Borman, 2012","Borman","2012","No","Majority subgroup-Male","MCA reading score","Yes",-0.022,0.0018,0.042,-0.1042,0.0603
5,"Borman, 2012","Borman","2012","No","Majority subgroup-Male","MCA math score","Yes",-0.005,0.0015,0.039,-0.0813,0.0714
6,"Borman, 2015","Borman","2015",NA,NA,NA,NA,NA,NA,NA,NA,NA
7,"Borman, 2016","Borman","2016","No","Interaction-URM","7th GPA","Yes",0.1099,0.004,0.0628,-0.0133,0.2331
7,"Borman, 2016","Borman","2016","No","Interaction-URM","Fall Reading test","Yes",0,0.0043,0.0657,-0.1287,0.1287
7,"Borman, 2016","Borman","2016","No","Interaction-URM","Fall Math test","Yes",0.0899,0.0043,0.0657,-0.0389,0.2187
7,"Borman, 2016","Borman","2016","No","Interaction-URM","Spring Reading test","Yes",0.01,0.0043,0.0657,-0.1187,0.1387
7,"Borman, 2016","Borman","2016","No","Interaction-URM","Spring Math test","Yes",0.0799,0.0043,0.0657,-0.0488,0.2087
7,"Borman, 2016","Borman","2016","No","Interaction-URM","Spring Language Usage test","Yes",0.04,0.0043,0.0657,-0.0888,0.1687
8,"Borman, 2018","Borman","2018","No","Interaction-URM","7th-9th GPA","Yes",0.1739,0.0044,0.0661,0.0445,0.3034
8,"Borman, 2018","Borman","2018","No","Interaction-White and Asian","7th-9th GPA","Yes",0.0353,0.0043,0.0659,-0.094,0.1645
8,"Borman, 2018","Borman","2018","No","Minority subgroup-URM","7th-9th GPA","Yes",0.2022,0.0124,0.1114,-0.0161,0.4205
9,"Bowen, 2013","Bowen","2013","No","Minority subgroup-Black","Social Studies grades","Yes",0.57,0.0316,0.1778,0.2214,0.9185
10,"Bratter, 2016","Bratter","2016","No","Minority subgroup-Black","Semester English grades","No",0.2044,0.0178,0.1335,-0.0571,0.466
10,"Bratter, 2016","Bratter","2016","No","Minority subgroup-Black","STAAR Reading","No",-0.0931,0.0177,0.1332,-0.3541,0.1679
10,"Bratter, 2016","Bratter","2016","No","Minority subgroup-Black","STAAR Algebra","No",-0.1994,0.0178,0.1334,-0.4609,0.0622
10,"Bratter, 2016","Bratter","2016","No","Minority subgroup-Hispanic","Semester English grades","No",-0.023,0.0073,0.0854,-0.1903,0.1443
10,"Bratter, 2016","Bratter","2016","No","Minority subgroup-Hispanic","STAAR Reading","No",-0.0899,0.0073,0.0854,-0.2573,0.0775
10,"Bratter, 2016","Bratter","2016","No","Minority subgroup-Hispanic","STAAR Algebra","No",-0.0215,0.0073,0.0854,-0.1888,0.1458
11,"Churchill, 2018","Churchill","2018","No","Main","Music examination grade","No",0.2062,0.0601,0.2452,-0.2745,0.6869
12,"Cohen (Study 1), 2006","Cohen (Study 1)","2006","No","Minority subgroup-Black","GPA in targeted course","Yes",0.2589,0.0403,0.2008,-0.1347,0.6526
12,"Cohen (Study 1), 2006","Cohen (Study 1)","2006","No","Interaction-White","GPA in targeted course","Yes",0.0891,0.0361,0.1899,-0.2832,0.4613
12,"Cohen (Study 1), 2006","Cohen (Study 1)","2006","No","Minority subgroup-Black","GPA in non-targeted course","Yes",0.3058,0.081,0.2845,-0.2519,0.8635
13,"Cohen (Study 2), 2006","Cohen (Study 2)","2006","No","Minority subgroup-Black","GPA in targeted course","Yes",0.3387,0.0588,0.2425,-0.1367,0.8141
13,"Cohen (Study 2), 2006","Cohen (Study 2)","2006","No","Interaction-White","GPA in targeted course","Yes",0.0297,0.0303,0.1741,-0.3115,0.3709
13,"Cohen (Study 2), 2006","Cohen (Study 2)","2006","No","Minority subgroup-Black","GPA in non-targeted course","Yes",0.2073,0.0583,0.2414,-0.2659,0.6805
14,"Cohen, 2009","Cohen","2009","No","Minority subgroup-Black","GPA","Yes",0.24,0.023,0.1517,-0.0574,0.5374
14,"Cohen, 2009","Cohen","2009","No","Majority subgroup-White","GPA","Yes",-0.0696,0.0213,0.1459,-0.3556,0.2164
15,"Cook, 2012","Cook","2012",NA,NA,NA,NA,NA,NA,NA,NA,NA
16,"De Clercq, 2019","De Clercq","2019","No","Main","Test score","No",-0.0473,0.0169,0.1301,-0.3023,0.2078
16,"De Clercq, 2019","De Clercq","2019","No","Main","Study time","No",-0.1209,0.0248,0.1574,-0.4294,0.1876
19,"Dee, 2015","Dee","2015","No","Interaction-Black","Final grades in the treated subject","No",0.0211,0.0017,0.0413,-0.0598,0.102
19,"Dee, 2015","Dee","2015","No","Interaction-Hispanic","Final grades in the treated subject","No",0.0539,0.0017,0.0413,-0.027,0.1348
19,"Dee, 2015","Dee","2015","No","Interaction-Female","Final grades in the treated subject","No",-0.0259,0.0017,0.0413,-0.1068,0.055
19,"Dee, 2015","Dee","2015","No","Interaction-White","Final grades in the treated subject","No",-0.0026,0.0017,0.0413,-0.0835,0.0783
19,"Dee, 2015","Dee","2015","No","Interaction-Black","Final grades in the treated subject","Yes",-8e-04,0.0017,0.0413,-0.0817,0.0801
19,"Dee, 2015","Dee","2015","No","Interaction-Hispanic","Final grades in the treated subject","Yes",0.0547,0.0017,0.0413,-0.0262,0.1356
19,"Dee, 2015","Dee","2015","No","Interaction-Female","Final grades in the treated subject","Yes",-0.0399,0.0017,0.0413,-0.1208,0.041
19,"Dee, 2015","Dee","2015","No","Interaction-White","Final grades in the treated subject","Yes",0.0058,0.0017,0.0413,-0.0751,0.0867
17,"de Jong (Study 1), 2016","de Jong (Study 1)","2016","No","Minority subgroup-URM","Dutch","No",-0.0992,0.0145,0.1203,-0.335,0.1367
17,"de Jong (Study 1), 2016","de Jong (Study 1)","2016","No","Minority subgroup-URM","English","No",0.0086,0.0145,0.1203,-0.2272,0.2443
17,"de Jong (Study 1), 2016","de Jong (Study 1)","2016","No","Minority subgroup-URM","Mathematics","No",-0.0747,0.0145,0.1203,-0.3105,0.1611
17,"de Jong (Study 1), 2016","de Jong (Study 1)","2016","No","Majority subgroup-URM","Dutch","No",-0.1575,0.0682,0.2611,-0.6693,0.3543
17,"de Jong (Study 1), 2016","de Jong (Study 1)","2016","No","Majority subgroup-URM","English","No",0.0785,0.068,0.2608,-0.4327,0.5897
17,"de Jong (Study 1), 2016","de Jong (Study 1)","2016","No","Majority subgroup-URM","Mathematics","No",-0.1224,0.0681,0.261,-0.6339,0.3891
18,"de Jong (Study 2), 2016","de Jong (Study 2)","2016","Yes","Minority subgroup-URM","Cito scores","No",-0.0191,0.0233,0.1525,-0.3181,0.2799
18,"de Jong (Study 2), 2016","de Jong (Study 2)","2016","No","Minority subgroup-URM","Cito scores","No",-0.0572,0.0226,0.1502,-0.3515,0.2371
18,"de Jong (Study 2), 2016","de Jong (Study 2)","2016","Yes","Majority subgroup-URM","Cito scores","No",-0.0701,0.5003,0.7074,-1.4565,1.3163
18,"de Jong (Study 2), 2016","de Jong (Study 2)","2016","No","Majority subgroup-URM","Cito scores","No",-0.4579,0.694,0.833,-2.0907,1.1748
20,"Goyer (Study 1), 2017","Goyer (Study 1)","2017","No","Interaction-Hispanic","Course Difficulty Scores","No",0.4183,0.0219,0.1481,0.1281,0.7084
20,"Goyer (Study 1), 2017","Goyer (Study 1)","2017","No","Interaction-White","Course Difficulty Scores","No",-0.1095,0.0215,0.1466,-0.3968,0.1777
20,"Goyer (Study 1), 2017","Goyer (Study 1)","2017","No","Interaction-Hispanic","Course Difficulty Scores","Yes",0.478,0.0221,0.1485,0.1869,0.7692
20,"Goyer (Study 1), 2017","Goyer (Study 1)","2017","No","Interaction-White","Course Difficulty Scores","Yes",-0.2191,0.0216,0.1469,-0.507,0.0688
20,"Goyer (Study 1), 2017","Goyer (Study 1)","2017","No","Interaction-Hispanic","Course Difficulty Scores","Yes",0.478,0.0221,0.1485,0.1869,0.7692
21,"Goyer (Study 2), 2017","Goyer (Study 2)","2017",NA,NA,NA,NA,NA,NA,NA,NA,NA
22,"Gutmann, 2019","Gutmann","2019","No","Minority subgroup-Female","Physics 100 final grades","No",-0.2201,0.027,0.1644,-0.5422,0.1021
22,"Gutmann, 2019","Gutmann","2019","No","Majority subgroup-Male","Physics 100 final grades","No",-0.327,0.0161,0.1269,-0.5757,-0.0783
22,"Gutmann, 2019","Gutmann","2019","No","Minority subgroup-Female","Physics 212 final grades","No",-0.1156,0.0151,0.1229,-0.3565,0.1254
22,"Gutmann, 2019","Gutmann","2019","No","Majority subgroup-Male","Physics 212 final grades","No",0.0851,0.0054,0.0734,-0.0588,0.229
23,"Hadden, 2019","Hadden","2019","No","Minority subgroup-FSM","GCSE Mathematics","No",0.4489,0.0322,0.1796,0.097,0.8008
23,"Hadden, 2019","Hadden","2019","No","Majority subgroup-nonFSM","GCSE Mathematics","No",0.0428,0.0092,0.0961,-0.1454,0.2311
23,"Hadden, 2019","Hadden","2019","No","Minority subgroup-FSM","GCSE Mathematics","Yes",0.5292,0.0325,0.1804,0.1756,0.8828
23,"Hadden, 2019","Hadden","2019","No","Majority subgroup-nonFSM","GCSE Mathematics","Yes",0.0525,0.0092,0.0961,-0.1358,0.2408
26,"Hanselman, 2014","Hanselman","2014",NA,NA,NA,NA,NA,NA,NA,NA,NA
24,"Hanselman (Study 1), 2017","Hanselman (Study 1)","2017","No","Minority subgroup-Black and Hispanic","WKCE Mathematcis, Grade 8","Yes",0.1008,0.0049,0.0698,-0.0361,0.2377
24,"Hanselman (Study 1), 2017","Hanselman (Study 1)","2017","No","Minority subgroup-Black and Hispanic","WKCE Reading, Grade 8","Yes",-0.0299,0.005,0.0708,-0.1688,0.1089
25,"Hanselman (Study 2), 2017","Hanselman (Study 2)","2017","No","Minority subgroup-Black and Hispanic","7th GPA","Yes",-0.002,0.0018,0.0419,-0.0842,0.0802
25,"Hanselman (Study 2), 2017","Hanselman (Study 2)","2017","No","Minority subgroup-Black and Hispanic","8th GPA","Yes",-0.0719,0.0034,0.0579,-0.1854,0.0416
25,"Hanselman (Study 2), 2017","Hanselman (Study 2)","2017","No","Minority subgroup-Black and Hispanic","WKCE Mathematcis, Grade 7","Yes",-0.0849,0.0022,0.0469,-0.1768,0.0071
25,"Hanselman (Study 2), 2017","Hanselman (Study 2)","2017","No","Minority subgroup-Black and Hispanic","WKCE Mathematcis, Grade 8","Yes",-0.0799,0.0019,0.0439,-0.166,0.0062
25,"Hanselman (Study 2), 2017","Hanselman (Study 2)","2017","No","Minority subgroup-Black and Hispanic","WKCE Reading, Grade 7","Yes",-0.005,0.003,0.0549,-0.1126,0.1026
25,"Hanselman (Study 2), 2017","Hanselman (Study 2)","2017","No","Minority subgroup-Black and Hispanic","WKCE Reading, Grade 8","Yes",-0.005,0.0031,0.0559,-0.1146,0.1046
27,"Harackiewicz, 2014","Harackiewicz","2014","No","Majority subgroup-Continuing generation","Biology Course Grade","No",-0.0579,0.0062,0.0788,-0.2124,0.0966
27,"Harackiewicz, 2014","Harackiewicz","2014","No","Majority subgroup-Continuing generation","GPA","No",-0.0479,0.0062,0.0788,-0.2024,0.1065
27,"Harackiewicz, 2014","Harackiewicz","2014","No","Majority subgroup-Continuing generation","Continuation","No",-0.0905,0.0105,0.1023,-0.291,0.11
27,"Harackiewicz, 2014","Harackiewicz","2014","No","Minority subgroup-First generation","Biology Course Grade","No",0.2928,0.0263,0.162,-0.0248,0.6103
27,"Harackiewicz, 2014","Harackiewicz","2014","No","Minority subgroup-First generation","GPA","No",0.3272,0.0263,0.1622,0.0092,0.6452
27,"Harackiewicz, 2014","Harackiewicz","2014","No","Minority subgroup-First generation","Continuation","No",0.6134,0.0499,0.2234,0.1756,1.0511
27,"Harackiewicz, 2014","Harackiewicz","2014","No","Interaction-First generation","Biology Course Grade","Yes",0.1803,0.005,0.0709,0.0413,0.3194
27,"Harackiewicz, 2014","Harackiewicz","2014","No","Interaction-First generation","GPA","Yes",0.2006,0.005,0.071,0.0615,0.3397
27,"Harackiewicz, 2014","Harackiewicz","2014","No","Interaction-First generation","Continuation","Yes",0.211,0.0051,0.0712,0.0715,0.3505
28,"Harackiewicz, 2016","Harackiewicz","2016","No","Interaction-URM","Biology course grade","Yes",-0.0739,0.0077,0.0877,-0.2459,0.098
28,"Harackiewicz, 2016","Harackiewicz","2016","No","Interaction-White and Asian","Biology course grade","Yes",0.0246,0.0077,0.0877,-0.1473,0.1965
28,"Harackiewicz, 2016","Harackiewicz","2016","No","Interaction-First generation","Biology course grade","Yes",-0.1482,0.0077,0.0878,-0.3203,0.0239
28,"Harackiewicz, 2016","Harackiewicz","2016","No","Interaction-Continuing generation","Biology course grade","Yes",0.0986,0.0077,0.0878,-0.0734,0.2707
29,"Hayes (Study 1), 2019","Hayes (Study 1)","2019","No","Minority subgroup-Hispanic","Semester Grade","No",-0.2961,0.0523,0.2287,-0.7444,0.1521
30,"Hayes (Study 2), 2019","Hayes (Study 2)","2019","No","Minority subgroup-First generation","GPA","No",-0.1124,0.0514,0.2266,-0.5566,0.3318
31,"Jordt, 2017","Jordt","2017","No","Interaction-Female","Exam grades","Yes",-0.0706,0.0021,0.0455,-0.1598,0.0186
31,"Jordt, 2017","Jordt","2017","No","Interaction-Male","Exam grades","Yes",0.2784,0.0021,0.0457,0.1888,0.368
31,"Jordt, 2017","Jordt","2017","No","Interaction-URM","Exam grades","Yes",0.7665,0.0022,0.0471,0.6741,0.8588
31,"Jordt, 2017","Jordt","2017","No","Interaction-White","Exam grades","Yes",0.2784,0.0021,0.0457,0.1888,0.368
32,"Kim, 2019","Kim","2019","Yes","Interaction-Female","GPA","Yes",0.2419,0.0182,0.1349,-0.0225,0.5062
33,"Kinias (Study 2), 2016","Kinias (Study 2)","2016","No","Majority subgroup-Male","MBA core course grade","No",-0.1385,0.0151,0.1228,-0.3792,0.1021
33,"Kinias (Study 2), 2016","Kinias (Study 2)","2016","No","Minority subgroup-Female","MBA core course grade","No",0.2924,0.0311,0.1764,-0.0533,0.638
33,"Kinias (Study 2), 2016","Kinias (Study 2)","2016","No","Interaction-Female","MBA core course grade","Yes",0.2872,0.0102,0.101,0.0892,0.4852
33,"Kinias (Study 2), 2016","Kinias (Study 2)","2016","No","Interaction-Male","MBA core course grade","Yes",-0.1315,0.0101,0.1006,-0.3287,0.0657
34,"Kost-Smith, 2010","Kost-Smith","2010","No","Minority subgroup-Female","FMCE grade","Yes",0.4579,0.0437,0.209,0.0482,0.8675
34,"Kost-Smith, 2010","Kost-Smith","2010","No","Minority subgroup-Male","FMCE grade","Yes",-0.0219,0.0206,0.1436,-0.3035,0.2596
35,"Kost-Smith, 2012","Kost-Smith","2012","No","Minority subgroup-Female","Physics course grade","No",0.0177,0.0279,0.167,-0.3097,0.3451
35,"Kost-Smith, 2012","Kost-Smith","2012","No","Majority subgroup-Male","Physics course grade","No",-0.2175,0.011,0.1051,-0.4235,-0.0116
35,"Kost-Smith, 2012","Kost-Smith","2012","No","Minority subgroup-Female","Physics course score","No",0.0155,0.0279,0.167,-0.3119,0.3429
35,"Kost-Smith, 2012","Kost-Smith","2012","No","Majority subgroup-Male","Physics course score","No",-0.1573,0.011,0.1049,-0.363,0.0483
35,"Kost-Smith, 2012","Kost-Smith","2012","No","Minority subgroup-Female","Physics exam score","No",0.0513,0.0279,0.1671,-0.2761,0.3788
35,"Kost-Smith, 2012","Kost-Smith","2012","No","Majority subgroup-Male","Physics exam score","No",-0.1372,0.011,0.1049,-0.3428,0.0683
35,"Kost-Smith, 2012","Kost-Smith","2012","No","Minority subgroup-Female","Physics course grade","Yes",0.1998,0.0279,0.1669,-0.1274,0.527
35,"Kost-Smith, 2012","Kost-Smith","2012","No","Majority subgroup-Male","Physics course grade","Yes",-0.0404,0.011,0.1046,-0.2455,0.1647
35,"Kost-Smith, 2012","Kost-Smith","2012","No","Minority subgroup-Female","Physics course score","Yes",0.1442,0.0279,0.1669,-0.1829,0.4713
35,"Kost-Smith, 2012","Kost-Smith","2012","No","Majority subgroup-Male","Physics course score","Yes",0.0374,0.011,0.1046,-0.1677,0.2425
35,"Kost-Smith, 2012","Kost-Smith","2012","No","Minority subgroup-Female","Physics exam score","Yes",0.1194,0.0278,0.1669,-0.2077,0.4464
35,"Kost-Smith, 2012","Kost-Smith","2012","No","Majority subgroup-Male","Physics exam score","Yes",-0.0845,0.011,0.1047,-0.2897,0.1206
36,"Lauer, 2013","Lauer","2013","No","Main-Main","Introductory biology learning gains","Yes",0.0047,0.0303,0.1741,-0.3365,0.3459
36,"Lauer, 2013","Lauer","2013","No","Main-Main","Biochemistry learning gains","Yes",0.0056,0.0216,0.147,-0.2826,0.2938
36,"Lauer, 2013","Lauer","2013","No","Main-Main","Physics 1 learning gains","Yes",0.0126,0.0909,0.3015,-0.5783,0.6036
36,"Lauer, 2013","Lauer","2013","No","Main-Main","Physics 2 learning gains","Yes",-0.0026,0.0449,0.212,-0.4181,0.4129
36,"Lauer, 2013","Lauer","2013","No","Main-Main","Introductory biology learning gains","No",-0.1149,0.0154,0.1241,-0.3582,0.1284
36,"Lauer, 2013","Lauer","2013","No","Main-Main","Biochemistry learning gains","No",-0.1386,0.1762,0.4197,-0.9613,0.684
36,"Lauer, 2013","Lauer","2013","No","Main-Main","Physics 1 learning gains","No",0.2032,0.0619,0.2487,-0.2843,0.6907
36,"Lauer, 2013","Lauer","2013","No","Main-Main","Physics 2 learning gains","No",-0.3634,0.0328,0.1811,-0.7183,-0.0084
37,"Lokhande, 2019","Lokhande","2019","No","Main-Main","Wave 1 Math scores","No",0.1089,0.0061,0.078,-0.044,0.2618
37,"Lokhande, 2019","Lokhande","2019","No","Main-Main","Wave 2 Math scores","No",0.1661,0.0061,0.0781,0.0131,0.3191
37,"Lokhande, 2019","Lokhande","2019","No","Minority subgroup-Female","Wave 1 Math scores","No",0.1995,0.0124,0.1116,-0.0192,0.4182
37,"Lokhande, 2019","Lokhande","2019","No","Majority subgroup-Male","Wave 1 Math scores","No",-0.0499,0.0118,0.1087,-0.263,0.1632
37,"Lokhande, 2019","Lokhande","2019","No","Minority subgroup-Turkish","Wave 1 Math scores","No",0.3281,0.0307,0.1753,-0.0155,0.6717
37,"Lokhande, 2019","Lokhande","2019","No","Minority subgroup-Arabic","Wave 1 Math scores","No",0.238,0.0446,0.2111,-0.1757,0.6516
37,"Lokhande, 2019","Lokhande","2019","No","Minority subgroup-Eastern European","Wave 1 Math scores","No",-0.0695,0.0345,0.1857,-0.4335,0.2944
37,"Lokhande, 2019","Lokhande","2019","No","Interaction-Female","Wave 1 Math scores","Yes",0.0236,0.0061,0.0779,-0.1292,0.1763
37,"Lokhande, 2019","Lokhande","2019","No","Interaction-Turkish","Wave 1 Math scores","Yes",0.1923,0.0061,0.0781,0.0391,0.3454
37,"Lokhande, 2019","Lokhande","2019","No","Interaction-Arabic","Wave 1 Math scores","Yes",0.0589,0.0061,0.078,-0.0939,0.2117
37,"Lokhande, 2019","Lokhande","2019","No","Interaction-Eastern European","Wave 1 Math scores","Yes",-0.1387,0.0061,0.078,-0.2917,0.0142
37,"Lokhande, 2019","Lokhande","2019","No","Interaction-White","Wave 1 Math scores","Yes",-0.1625,0.0061,0.0781,-0.3155,-0.0095
37,"Lokhande, 2019","Lokhande","2019","No","Minority subgroup-Female","Wave 2 Math scores","No",0.1796,0.0124,0.1115,-0.039,0.3982
37,"Lokhande, 2019","Lokhande","2019","No","Majority subgroup-Male","Wave 2 Math scores","No",0.1796,0.0119,0.1089,-0.0338,0.393
37,"Lokhande, 2019","Lokhande","2019","No","Minority subgroup-Turkish","Wave 2 Math scores","No",0.348,0.0308,0.1755,0.0041,0.6919
37,"Lokhande, 2019","Lokhande","2019","No","Minority subgroup-Arabic","Wave 2 Math scores","No",0.347,0.0449,0.2119,-0.0683,0.7623
37,"Lokhande, 2019","Lokhande","2019","No","Minority subgroup-Eastern European","Wave 2 Math scores","No",0.1987,0.0346,0.1861,-0.166,0.5634
37,"Lokhande, 2019","Lokhande","2019","No","Interaction-Female","Wave 2 Math scores","Yes",0.0359,0.0061,0.0779,-0.1168,0.1887
37,"Lokhande, 2019","Lokhande","2019","No","Interaction-Turkish","Wave 2 Math scores","Yes",0.231,0.0061,0.0782,0.0777,0.3843
37,"Lokhande, 2019","Lokhande","2019","No","Interaction-Arabic","Wave 2 Math scores","Yes",0.1776,0.0061,0.0781,0.0246,0.3307
37,"Lokhande, 2019","Lokhande","2019","No","Interaction-Eastern European","Wave 2 Math scores","Yes",0.1414,0.0061,0.078,-0.0116,0.2943
37,"Lokhande, 2019","Lokhande","2019","No","Interaction-White","Wave 2 Math scores","Yes",-0.0387,0.0061,0.078,-0.1915,0.1141
38,"Miyake, 2010","Miyake","2010","No","Majority subgroup-Male","Biology mean exam score","No",-0.2542,0.0153,0.1235,-0.4963,-0.0121
38,"Miyake, 2010","Miyake","2010","No","Minority subgroup-Female","Biology mean exam score","No",0.1901,0.0359,0.1895,-0.1814,0.5616
38,"Miyake, 2010","Miyake","2010","No","Majority subgroup-Male","Biology final exam score","No",-0.2111,0.0152,0.1234,-0.4529,0.0307
38,"Miyake, 2010","Miyake","2010","No","Minority subgroup-Female","Biology final exam score","No",0.3618,0.0363,0.1906,-0.0118,0.7355
38,"Miyake, 2010","Miyake","2010","No","Majority subgroup-Male","Biology final course grade","No",-0.1959,0.0152,0.1233,-0.4376,0.0458
38,"Miyake, 2010","Miyake","2010","No","Minority subgroup-Female","Biology final course grade","No",0.1058,0.0358,0.1893,-0.2651,0.4768
38,"Miyake, 2010","Miyake","2010","No","Majority subgroup-Male","End-of-semester FMCE","No",-0.0748,0.0206,0.1437,-0.3564,0.2069
38,"Miyake, 2010","Miyake","2010","No","Minority subgroup-Female","End-of-semester FMCE","No",0.2586,0.0429,0.2072,-0.1475,0.6646
38,"Miyake, 2010","Miyake","2010","No","Majority subgroup-Male","Biology final exam score","Yes",-0.2171,0.0152,0.1234,-0.4589,0.0247
38,"Miyake, 2010","Miyake","2010","No","Minority subgroup-Female","Biology final exam score","Yes",0.5564,0.0371,0.1927,0.1788,0.934
38,"Miyake, 2010","Miyake","2010","No","Majority subgroup-Male","Biology final course grade","Yes",-0.2056,0.0152,0.1234,-0.4474,0.0361
38,"Miyake, 2010","Miyake","2010","No","Minority subgroup-Female","Biology final course grade","Yes",0.365,0.0364,0.1907,-0.0087,0.7387
39,"Peters, 2017","Peters","2017","No","Main","Final grades","No",0,0.0181,0.1345,-0.2637,0.2637
40,"Powers (Study 1), 2016","Powers (Study 1)","2016",NA,NA,NA,NA,NA,NA,NA,NA,NA
41,"Powers (Study 2), 2016","Powers (Study 2)","2016",NA,NA,NA,NA,NA,NA,NA,NA,NA
42,"Protzko, 2016","Protzko","2016","No","Majority subgroup-White and Asian","GPA","No",0.0903,0.0323,0.1797,-0.2619,0.4425
42,"Protzko, 2016","Protzko","2016","No","Minority subgroup-Black and Hispanic","GPA","No",-0.0569,0.0336,0.1834,-0.4163,0.3025
42,"Protzko, 2016","Protzko","2016","No","Interaction-Black and Hispanic","GPA","Yes",-0.0879,0.0107,0.1033,-0.2904,0.1146
42,"Protzko, 2016","Protzko","2016","No","Interaction-White","GPA","Yes",-0.0012,0.0107,0.1033,-0.2037,0.2012
43,"Purdie-Greenaway, under review","Purdie-Greenaway","under review","No","Minority subgroup-Female","GPA","No",0.5185,0.1037,0.3221,-0.1129,1.1498
43,"Purdie-Greenaway, under review","Purdie-Greenaway","under review","No","Majority subgroup-Male","GPA","No",0.7064,0.1253,0.354,0.0125,1.4003
43,"Purdie-Greenaway, under review","Purdie-Greenaway","under review","No","Minority subgroup-Black and Hispanic","GPA","No",0.8658,0.0844,0.2904,0.2966,1.4351
43,"Purdie-Greenaway, under review","Purdie-Greenaway","under review","No","Majority subgroup-White","GPA","No",0.1877,0.1842,0.4292,-0.6535,1.0289
43,"Purdie-Greenaway, under review","Purdie-Greenaway","under review","No","Minority subgroup-Female","GPA","Yes",0.2165,0.1047,0.3235,-0.4176,0.8506
43,"Purdie-Greenaway, under review","Purdie-Greenaway","under review","No","Majority subgroup-Male","GPA","Yes",1.1962,0.1265,0.3557,0.4991,1.8933
43,"Purdie-Greenaway, under review","Purdie-Greenaway","under review","No","Minority subgroup-Black and Hispanic","GPA","Yes",0.9461,0.0853,0.2921,0.3736,1.5186
43,"Purdie-Greenaway, under review","Purdie-Greenaway","under review","No","Majority subgroup-White","GPA","Yes",0.0119,0.1961,0.4428,-0.8561,0.8798
44,"Rapa, 2016","Rapa","2016","Yes","Main-Main","GPA","No",0.5296,0.0784,0.2801,-0.0193,1.0786
45,"Rozek, 2015","Rozek","2015",NA,NA,NA,NA,NA,NA,NA,NA,NA
46,"Schwalbe, 2018","Schwalbe","2018","Yes","Main-Main","Pass rates","Yes",0.1051,9e-04,0.0307,0.0449,0.1653
46,"Schwalbe, 2018","Schwalbe","2018","Yes","Minority subgroup-Functional skills","Pass rates","Yes",0.1026,0.0022,0.0469,0.0106,0.1945
46,"Schwalbe, 2018","Schwalbe","2018","Yes","Minority subgroup-Black Caribbeans","Pass rates","Yes",0.1738,0.0342,0.185,-0.1888,0.5364
46,"Schwalbe, 2018","Schwalbe","2018","Yes","Main-Main","Pass rates","No",0.1026,9e-04,0.0307,0.0424,0.1628
46,"Schwalbe, 2018","Schwalbe","2018","Yes","Minority subgroup-Functional skills","Pass rates","No",0.095,0.0022,0.0469,0.0031,0.187
46,"Schwalbe, 2018","Schwalbe","2018","Yes","Minority subgroup-Black Caribbeans","Pass rates","No",0.1763,0.0342,0.185,-0.1863,0.5389
46,"Schwalbe, 2018","Schwalbe","2018","Yes","Main-Main","Attendance","Yes",0.059,9e-04,0.0299,3e-04,0.1177
46,"Schwalbe, 2018","Schwalbe","2018","Yes","Minority subgroup-Functional skills","Attendance","Yes",0.1129,0.0021,0.0458,0.0232,0.2027
46,"Schwalbe, 2018","Schwalbe","2018","Yes","Minority subgroup-Black Caribbeans","Attendance","Yes",0.4149,0.0333,0.1824,0.0575,0.7723
46,"Schwalbe, 2018","Schwalbe","2018","Yes","Main-Main","Attendance","No",0.0462,9e-04,0.0299,-0.0125,0.1048
46,"Schwalbe, 2018","Schwalbe","2018","Yes","Minority subgroup-Functional skills","Attendance","No",0.1207,0.0021,0.0458,0.0309,0.2104
46,"Schwalbe, 2018","Schwalbe","2018","Yes","Minority subgroup-Black Caribbeans","Attendance","No",0.4916,0.0335,0.1831,0.1327,0.8506
47,"Serra-Garcia (Study 1), under review","Serra-Garcia (Study 1)","under review",NA,NA,NA,NA,NA,NA,NA,NA,NA
48,"Serra-Garcia (Study 2), under review","Serra-Garcia (Study 2)","under review","No","Minority subgroup-Female","Physics quiz grade","No",0.2239,0.0715,0.2674,-0.3002,0.748
48,"Serra-Garcia (Study 2), under review","Serra-Garcia (Study 2)","under review","No","Minority subgroup-Female","Physics final exam score","No",-0.2881,0.0718,0.2679,-0.8133,0.237
48,"Serra-Garcia (Study 2), under review","Serra-Garcia (Study 2)","under review","No","Minority subgroup-Female","Physics final grade","No",-0.0065,0.0711,0.2666,-0.5291,0.5161
48,"Serra-Garcia (Study 2), under review","Serra-Garcia (Study 2)","under review","No","Majority subgroup-Male","Physics quiz grade","No",-0.3911,0.0683,0.2614,-0.9035,0.1213
48,"Serra-Garcia (Study 2), under review","Serra-Garcia (Study 2)","under review","No","Majority subgroup-Male","Physics final exam score","No",0.2891,0.0678,0.2604,-0.2213,0.7995
48,"Serra-Garcia (Study 2), under review","Serra-Garcia (Study 2)","under review","No","Majority subgroup-Male","Physics final grade","No",-0.1337,0.0673,0.2595,-0.6423,0.3748
49,"Sherman (Study 1), 2013","Sherman (Study 1)","2013","No","Minority subgroup-Hispanic","Year 1 GPA","No",0.5778,0.0515,0.2269,0.1331,1.0226
49,"Sherman (Study 1), 2013","Sherman (Study 1)","2013","No","Majority subgroup-White","Year 1 GPA","No",-0.1117,0.0389,0.1972,-0.4983,0.2748
49,"Sherman (Study 1), 2013","Sherman (Study 1)","2013","No","Minority subgroup-Hispanic","Year 2 GPA","No",0.6829,0.0523,0.2287,0.2345,1.1312
49,"Sherman (Study 1), 2013","Sherman (Study 1)","2013","No","Majority subgroup-White","Year 2 GPA","No",0.0349,0.0388,0.1971,-0.3514,0.4212
49,"Sherman (Study 1), 2013","Sherman (Study 1)","2013","No","Minority subgroup-Hispanic","Year 3 GPA","No",0.3752,0.0503,0.2242,-0.0642,0.8147
49,"Sherman (Study 1), 2013","Sherman (Study 1)","2013","No","Majority subgroup-White","Year 3 GPA","No",-0.2204,0.0391,0.1977,-0.6079,0.167
49,"Sherman (Study 1), 2013","Sherman (Study 1)","2013","No","Interaction-Hispanic","Year 1 GPA","Yes",0.2888,0.0218,0.1476,-5e-04,0.5781
49,"Sherman (Study 1), 2013","Sherman (Study 1)","2013","No","Interaction-Hispanic","Year 2 GPA","Yes",0.4282,0.0221,0.1485,0.1371,0.7193
49,"Sherman (Study 1), 2013","Sherman (Study 1)","2013","No","Interaction-Hispanic","Year 3 GPA","Yes",0.239,0.0217,0.1474,-0.0498,0.5278
50,"Sherman (Study 2), 2013","Sherman (Study 2)","2013","No","Minority subgroup-Hispanic","GPA","No",0.6343,0.0767,0.277,0.0914,1.1771
50,"Sherman (Study 2), 2013","Sherman (Study 2)","2013","No","Majority subgroup-White","GPA","No",-0.1767,0.0419,0.2047,-0.5779,0.2245
50,"Sherman (Study 2), 2013","Sherman (Study 2)","2013","No","Interaction-Hispanic","GPA","Yes",0.4477,0.0269,0.164,0.1263,0.7691
50,"Sherman (Study 2), 2013","Sherman (Study 2)","2013","No","Interaction-White","GPA","Yes",0.1293,0.0263,0.1621,-0.1884,0.4471
51,"Shnabel (Study 1), 2013","Shnabel (Study 1)","2013",NA,NA,NA,NA,NA,NA,NA,NA,NA
52,"Silverman (Study 2), 2014","Silverman (Study 2)","2014","No","Minority subgroup-Blind","Instructor-graded student progress","Yes",0.6253,0.1147,0.3387,-0.0384,1.2891
53,"Tibbetts (Study 1a), 2016","Tibbetts (Study 1a)","2016","No","Minority subgroup-First generation","S1 Semester Grade","No",0.078,0.0284,0.1685,-0.2523,0.4083
53,"Tibbetts (Study 1a), 2016","Tibbetts (Study 1a)","2016","No","Minority subgroup-First generation","S2 Semester Grade","No",0.2368,0.0286,0.1691,-0.0946,0.5681
53,"Tibbetts (Study 1a), 2016","Tibbetts (Study 1a)","2016","No","Minority subgroup-First generation","S3 Semester Grade","No",0.3695,0.0289,0.1699,0.0365,0.7026
53,"Tibbetts (Study 1a), 2016","Tibbetts (Study 1a)","2016","No","Majority subgroup-Continuing generation","S1 Semester Grade","No",-0.0553,0.0066,0.0811,-0.2143,0.1037
53,"Tibbetts (Study 1a), 2016","Tibbetts (Study 1a)","2016","No","Majority subgroup-Continuing generation","S2 Semester Grade","No",-0.0162,0.0066,0.0811,-0.1752,0.1428
53,"Tibbetts (Study 1a), 2016","Tibbetts (Study 1a)","2016","No","Majority subgroup-Continuing generation","S3 Semester Grade","No",-0.0357,0.0066,0.0811,-0.1947,0.1233
53,"Tibbetts (Study 1a), 2016","Tibbetts (Study 1a)","2016","No","Minority subgroup-First generation","GPA","No",0.279,0.0269,0.1641,-0.0427,0.6006
53,"Tibbetts (Study 1a), 2016","Tibbetts (Study 1a)","2016","No","Majority subgroup-Continuing generation","GPA","No",-0.0563,0.0063,0.0792,-0.2116,0.0989
53,"Tibbetts (Study 1a), 2016","Tibbetts (Study 1a)","2016","No","Interaction-First generation","GPA","Yes",0.3443,0.0052,0.0718,0.2036,0.485
53,"Tibbetts (Study 1a), 2016","Tibbetts (Study 1a)","2016","No","Interaction-Continuing generation","GPA","Yes",0.1602,0.0051,0.0714,0.0203,0.3
54,"Tibbetts (Study 1b), 2018","Tibbetts (Study 1b)","2018","Yes","Minority subgroup-First generation","Course Grade","No",0.1746,0.0137,0.1172,-0.0552,0.4044
54,"Tibbetts (Study 1b), 2018","Tibbetts (Study 1b)","2018","Yes","Majority subgroup-Continuting generation","Course Grade","No",-0.1345,0.0137,0.1172,-0.3641,0.0952
54,"Tibbetts (Study 1b), 2018","Tibbetts (Study 1b)","2018","No","Minority subgroup-First generation","Course Grade","No",0.9077,0.0202,0.142,0.6294,1.1859
54,"Tibbetts (Study 1b), 2018","Tibbetts (Study 1b)","2018","No","Majority subgroup-Continuting generation","Course Grade","No",-0.1771,0.0183,0.1354,-0.4425,0.0883
55,"Turetsky, under review","Turetsky","under review","No","Minority subgroup-URM","Course point total","No",-0.2683,0.0493,0.2219,-0.7033,0.1667
55,"Turetsky, under review","Turetsky","under review","No","Majority subgroup-White and Asian","Course point total","No",0.1511,0.0193,0.1389,-0.1211,0.4233
55,"Turetsky, under review","Turetsky","under review","No","Minority subgroup-Female","Course point total","No",0.0175,0.0208,0.1443,-0.2654,0.3004
55,"Turetsky, under review","Turetsky","under review","No","Majority subgroup-Male","Course point total","No",0.065,0.0426,0.2064,-0.3395,0.4695
55,"Turetsky, under review","Turetsky","under review","No","Minority subgroup-URM","Biology track persistence","No",-0.0344,0.0488,0.2209,-0.4674,0.3987
55,"Turetsky, under review","Turetsky","under review","No","Majority subgroup-White and Asian","Biology track persistence","No",0.4434,0.0197,0.1404,0.1683,0.7186
55,"Turetsky, under review","Turetsky","under review","No","Minority subgroup-Female","Biology track persistence","No",0.298,0.0211,0.1451,0.0135,0.5825
55,"Turetsky, under review","Turetsky","under review","No","Majority subgroup-Male","Biology track persistence","No",0.2875,0.043,0.2074,-0.119,0.694
56,"Woolf, 2009","Woolf","2009","No","Majority subgroup-White","Summative written essay score","Yes",-0.1891,0.0247,0.1571,-0.4969,0.1188
56,"Woolf, 2009","Woolf","2009","No","Minority subgroup-URM","Summative written essay score","Yes",0.0741,0.0235,0.1534,-0.2265,0.3748
56,"Woolf, 2009","Woolf","2009","No","Majority subgroup-White","OSCE score","Yes",0.283,0.0248,0.1575,-0.0257,0.5918
56,"Woolf, 2009","Woolf","2009","No","Minority subgroup-URM","OSCE score","Yes",0.2896,0.0238,0.1541,-0.0125,0.5917
57,"Wynne, 2011","Wynne","2011","No","Minority subgroup-Black and Hispanic","Time 1 GPA in History","No",0.2883,0.0404,0.2011,-0.1058,0.6823
57,"Wynne, 2011","Wynne","2011","No","Minority subgroup-Black and Hispanic","Time 2 GPA in History","No",0.1237,0.0401,0.2002,-0.2686,0.5161
57,"Wynne, 2011","Wynne","2011","No","Minority subgroup-Black","Time 1 GPA in History","No",0.2721,0.0569,0.2385,-0.1953,0.7395
57,"Wynne, 2011","Wynne","2011","No","Minority subgroup-Black","Time 2 GPA in History","No",0.0621,0.0564,0.2374,-0.4033,0.5274
57,"Wynne, 2011","Wynne","2011","No","Minority subgroup-Hispanic","Time 1 GPA in History","No",0.3251,0.1399,0.374,-0.4079,1.058
57,"Wynne, 2011","Wynne","2011","No","Minority subgroup-Hispanic","Time 2 GPA in History","No",0.2606,0.1392,0.3731,-0.4706,0.9917
57,"Wynne, 2011","Wynne","2011","No","Main-Main","Time 1 GPA Overall","No",0.2491,0.0403,0.2008,-0.1445,0.6426
57,"Wynne, 2011","Wynne","2011","No","Main-Main","Time 2 GPA in Overall","No",0.1793,0.0402,0.2004,-0.2135,0.5721
57,"Wynne, 2011","Wynne","2011","No","Minority subgroup-Black","Time 1 GPA in Overall","No",0.2385,0.0567,0.2382,-0.2284,0.7054
57,"Wynne, 2011","Wynne","2011","No","Minority subgroup-Black","Time 2 GPA in Overall","No",0.1813,0.0566,0.2379,-0.2849,0.6475
57,"Wynne, 2011","Wynne","2011","No","Minority subgroup-Hispanic","Time 1 GPA in Overall","No",0.2734,0.1393,0.3732,-0.4581,1.0049
57,"Wynne, 2011","Wynne","2011","No","Minority subgroup-Hispanic","Time 2 GPA in Overall","No",0.1883,0.1386,0.3723,-0.5414,0.9179
57,"Wynne, 2011","Wynne","2011","No","Main-Main","MCAS ELA scores","No",0.2375,0.0403,0.2007,-0.1559,0.6309
57,"Wynne, 2011","Wynne","2011","No","Minority subgroup-Black","MCAS ELA scores","No",0.1218,0.0564,0.2376,-0.3439,0.5874
57,"Wynne, 2011","Wynne","2011","No","Minority subgroup-Hispanic","MCAS ELA scores","No",0.5366,0.1432,0.3784,-0.205,1.2783
57,"Wynne, 2011","Wynne","2011","No","Main-Main","MCAS Math scores","No",0.2672,0.0404,0.2009,-0.1266,0.661
57,"Wynne, 2011","Wynne","2011","No","Minority subgroup-Black","MCAS Math scores","No",0.3157,0.0571,0.2389,-0.1525,0.7839
57,"Wynne, 2011","Wynne","2011","No","Minority subgroup-Hispanic","MCAS Math scores","No",0.0898,0.1381,0.3716,-0.6385,0.8181
